,Unnamed: 0,accuracy,best paramaters,duration
0,0.0,0.9276681592284604,,26.34045696258545
0,,0.9772671357575161,{'alpha': 0},115.65700316429138
