dataset,model_name,feature transformation,accuracy,precision,recall,f1_score,best paramaters,duration
note_booking,Régression Logistique,CV(n-gram) + TF-IDF,0.9197772787760152,[0.9121818  0.94619834],[0.8702521  0.96458385],[0.89072378 0.95530264],,14.13474988937378
note_polarite,Régression Logistique,CV(n-gram) + TF-IDF,0.9114076109395468,[0.93331189 0.94609657],[0.87549029 0.97217127],[0.90347691 0.95895671],,19.402173280715942