dataset,model_name,feature transformation,accuracy,precision,recall,f1_score,best paramaters,duration
note booking,Régression logistique,CV(n-gram) + TF-IDF,0.9098175414201375,[0.94160319 0.94514884],[0.86706747 0.97706226],[0.90279951 0.96084063],,2.202908992767334
note polarite,Régression logistique,CV(n-gram) + TF-IDF,0.8765176992338709,[0.94421392 0.9319221 ],[0.83591837 0.97848506],[0.88677203 0.95463613],,2.3725039958953857